<?xml version="1.0" encoding="UTF-8"?>
<!DOCTYPE mapper PUBLIC "-//mybatis.org//DTD Mapper 3.0//EN" "http://mybatis.org/dtd/mybatis-3-mapper.dtd">
<mapper namespace="com.sc.kuaizilive.mapper.KUserMapper">
  <resultMap id="BaseResultMap" type="com.sc.kuaizilive.pojo.KUser">
    <id column="user_id" jdbcType="INTEGER" property="userId" />
    <result column="user_name" jdbcType="CHAR" property="userName" />
    <result column="user_phone" jdbcType="VARCHAR" property="userPhone" />
    <result column="areaCode" jdbcType="CHAR" property="areacode" />
    <result column="password" jdbcType="VARCHAR" property="password" />
    <result column="paymentCode" jdbcType="CHAR" property="paymentcode" />
    <result column="user_petName" jdbcType="VARCHAR" property="userPetname" />
    <result column="user_sex" jdbcType="CHAR" property="userSex" />
    <result column="user_email" jdbcType="VARCHAR" property="userEmail" />
    <result column="create_time" jdbcType="TIMESTAMP" property="createTime" />
    <result column="type" jdbcType="INTEGER" property="type" />
    <result column="head" jdbcType="VARCHAR" property="head" />
  </resultMap>
  <sql id="Base_Column_List">
    user_id, user_name, user_phone, areaCode, password, paymentCode, user_petName, user_sex, 
    user_email, create_time, type, head
  </sql>
  <select id="selectByPrimaryKey" parameterType="java.lang.Integer" resultMap="BaseResultMap">
    select 
    <include refid="Base_Column_List" />
    from k_user
    where user_id = #{userId,jdbcType=INTEGER}
  </select>
  <select id="selectByPhone" resultMap="BaseResultMap">
    select
    <include refid="Base_Column_List"></include>
    from k_user
    where user_phone=#{phone}
  </select>
    <delete id="deleteByPrimaryKey" parameterType="java.lang.Integer">
    delete from k_user
    where user_id = #{userId,jdbcType=INTEGER}
  </delete>
  <insert id="insert" parameterType="com.sc.kuaizilive.pojo.KUser">
    insert into k_user (user_id, user_name, user_phone, 
      areaCode, password, paymentCode, 
      user_petName, user_sex, user_email, 
      create_time, type, head
      )
    values (#{userId,jdbcType=INTEGER}, #{userName,jdbcType=CHAR}, #{userPhone,jdbcType=VARCHAR}, 
      #{areacode,jdbcType=CHAR}, #{password,jdbcType=VARCHAR}, #{paymentcode,jdbcType=CHAR}, 
      #{userPetname,jdbcType=VARCHAR}, #{userSex,jdbcType=CHAR}, #{userEmail,jdbcType=VARCHAR}, 
      #{createTime,jdbcType=TIMESTAMP}, #{type,jdbcType=INTEGER}, #{head,jdbcType=VARCHAR}
      )
  </insert>
  <insert id="insertSelective" parameterType="com.sc.kuaizilive.pojo.KUser">
    insert into k_user
    <trim prefix="(" suffix=")" suffixOverrides=",">
      <if test="userId != null">
        user_id,
      </if>
      <if test="userName != null">
        user_name,
      </if>
      <if test="userPhone != null">
        user_phone,
      </if>
      <if test="areacode != null">
        areaCode,
      </if>
      <if test="password != null">
        password,
      </if>
      <if test="paymentcode != null">
        paymentCode,
      </if>
      <if test="userPetname != null">
        user_petName,
      </if>
      <if test="userSex != null">
        user_sex,
      </if>
      <if test="userEmail != null">
        user_email,
      </if>
      <if test="createTime != null">
        create_time,
      </if>
      <if test="type != null">
        type,
      </if>
      <if test="head != null">
        head,
      </if>
    </trim>
    <trim prefix="values (" suffix=")" suffixOverrides=",">
      <if test="userId != null">
        #{userId,jdbcType=INTEGER},
      </if>
      <if test="userName != null">
        #{userName,jdbcType=CHAR},
      </if>
      <if test="userPhone != null">
        #{userPhone,jdbcType=VARCHAR},
      </if>
      <if test="areacode != null">
        #{areacode,jdbcType=CHAR},
      </if>
      <if test="password != null">
        #{password,jdbcType=VARCHAR},
      </if>
      <if test="paymentcode != null">
        #{paymentcode,jdbcType=CHAR},
      </if>
      <if test="userPetname != null">
        #{userPetname,jdbcType=VARCHAR},
      </if>
      <if test="userSex != null">
        #{userSex,jdbcType=CHAR},
      </if>
      <if test="userEmail != null">
        #{userEmail,jdbcType=VARCHAR},
      </if>
      <if test="createTime != null">
        #{createTime,jdbcType=TIMESTAMP},
      </if>
      <if test="type != null">
        #{type,jdbcType=INTEGER},
      </if>
      <if test="head != null">
        #{head,jdbcType=VARCHAR},
      </if>
    </trim>
  </insert>
  <update id="updateByPrimaryKeySelective" parameterType="com.sc.kuaizilive.pojo.KUser">
    update k_user
    <set>
      <if test="userName != null">
        user_name = #{userName,jdbcType=CHAR},
      </if>
      <if test="userPhone != null">
        user_phone = #{userPhone,jdbcType=VARCHAR},
      </if>
      <if test="areacode != null">
        areaCode = #{areacode,jdbcType=CHAR},
      </if>
      <if test="password != null">
        password = #{password,jdbcType=VARCHAR},
      </if>
      <if test="paymentcode != null">
        paymentCode = #{paymentcode,jdbcType=CHAR},
      </if>
      <if test="userPetname != null">
        user_petName = #{userPetname,jdbcType=VARCHAR},
      </if>
      <if test="userSex != null">
        user_sex = #{userSex,jdbcType=CHAR},
      </if>
      <if test="userEmail != null">
        user_email = #{userEmail,jdbcType=VARCHAR},
      </if>
      <if test="createTime != null">
        create_time = #{createTime,jdbcType=TIMESTAMP},
      </if>
      <if test="type != null">
        type = #{type,jdbcType=INTEGER},
      </if>
      <if test="head != null">
        head = #{head,jdbcType=VARCHAR},
      </if>
    </set>
    where user_id = #{userId,jdbcType=INTEGER}
  </update>
  <update id="updateByPrimaryKey" parameterType="com.sc.kuaizilive.pojo.KUser">
    update k_user
    set user_name = #{userName,jdbcType=CHAR},
      user_phone = #{userPhone,jdbcType=VARCHAR},
      areaCode = #{areacode,jdbcType=CHAR},
      password = #{password,jdbcType=VARCHAR},
      paymentCode = #{paymentcode,jdbcType=CHAR},
      user_petName = #{userPetname,jdbcType=VARCHAR},
      user_sex = #{userSex,jdbcType=CHAR},
      user_email = #{userEmail,jdbcType=VARCHAR},
      create_time = #{createTime,jdbcType=TIMESTAMP},
      type = #{type,jdbcType=INTEGER},
      head = #{head,jdbcType=VARCHAR}
    where user_id = #{userId,jdbcType=INTEGER}
  </update>
</mapper>