<?xml version="1.0" encoding="UTF-8" ?>
<!DOCTYPE generatorConfiguration PUBLIC "-//mybatis.org//DTD MyBatis Generator Configuration 1.0//EN" "http://mybatis.org/dtd/mybatis-generator-config_1_0.dtd" >
<generatorConfiguration>
    <!--加载jdbc.properties配置文件-->
    <properties resource="jdbc.properties" />
    <!--配置驱动jar包的位置，在jdbc.properties中新增一个这个变量-->
    <classPathEntry location="${driverClassPath}" />
    <!--
        context:生成一组对象的环境
        id:必选，上下文id，用于在生成错误时提示
        defaultModelType:指定生成对象的样式
            1，conditional：类似hierarchical；
            2，flat：所有内容（主键，blob）等全部生成在一个对象中；
            3，hierarchical：主键生成一个XXKey对象(key class)，Blob等单独生成一个对象，其他简单属性在一个对象中(record class)
        targetRuntime:
            1，MyBatis3：默认的值，生成基于MyBatis3.x以上版本的内容，包括XXXBySample；
            2，MyBatis3Simple：类似MyBatis3，只是不生成XXXBySample；
        introspectedColumnImpl：类全限定名，用于扩展MBG
    -->
    <context id="context1" targetRuntime="MyBatis3">

        <!-- genenat entity时,生成toString -->
        <plugin type="org.mybatis.generator.plugins.ToStringPlugin"/>
        <!-- generate entity时，生成serialVersionUID -->
        <plugin type="org.mybatis.generator.plugins.SerializablePlugin"/>
        <!--不生成注释-->
        <commentGenerator>
            <property name="suppressAllComments" value="true" />
        </commentGenerator>

        <!--配置数据库连接信息-->
        <jdbcConnection driverClass="${jdbc.driver}"
                        connectionURL="${jdbc.url}" userId="${jdbc.username}" password="${jdbc.password}" />
        <!-- java模型创建器，是必须要的元素
            负责：1，key类（见context的defaultModelType）；2，java类；3，查询类
            targetPackage：生成的类要放的包，真实的包受enableSubPackages属性控制；
            targetProject：目标项目，指定一个存在的目录下，生成的内容会放到指定目录中，如果目录不存在，MBG不会自动建目录
         -->
        <!--设置生成实体类包的位置-->
        <javaModelGenerator targetPackage="com.sc.kuaizilive.pojo"
                            targetProject="src/main/java">
            <!-- 设置是否在getter方法中，对String类型字段调用trim()方法 -->
            <property name="trimStrings" value="true" />
        </javaModelGenerator>
        <!-- 生成SQL map的XML文件生成器，
                    注意，在Mybatis3之后，我们可以使用mapper.xml文件+Mapper接口（或者不用mapper接口），
                        或者只使用Mapper接口+Annotation，所以，如果 javaClientGenerator配置中配置了需要生成XML的话，这个元素就必须配置
                    targetPackage/targetProject:同javaModelGenerator
                 -->
        <!--设置映射文件包的位置-->
        <sqlMapGenerator targetPackage="mapper"
                         targetProject="src/main/resources"></sqlMapGenerator>

        <!-- 对于mybatis来说，即生成Mapper接口，注意，如果没有配置该元素，那么默认不会生成Mapper接口
            targetPackage/targetProject:同javaModelGenerator
            type：选择怎么生成mapper接口（在MyBatis3/MyBatis3Simple下）：
                1，ANNOTATEDMAPPER：会生成使用Mapper接口+Annotation的方式创建（SQL生成在annotation中），不会生成对应的XML；
                2，MIXEDMAPPER：使用混合配置，会生成Mapper接口，并适当添加合适的Annotation，但是XML会生成在XML中；
                3，XMLMAPPER：会生成Mapper接口，接口完全依赖XML；
            注意，如果context是MyBatis3Simple：只支持ANNOTATEDMAPPER和XMLMAPPER
        -->
        <!--设置mapper接口包的位置-->
        <javaClientGenerator targetPackage="com.sc.kuaizilive.mapper"
                             targetProject="src/main/java" type="XMLMAPPER" />

        <!-- 需要逆向 enableCountByExample="false" enableUpdateByExample="false"
          enableDeleteByExample="false" enableSelectByExample="false" selectByExampleQueryId="false"
         -->
        <!--设置tableName表名就好：根据这个表生成 实体类 映射文件 mapper接口
            bug：如果已经生成完毕了 生成多次
            实体类：会还原 自己添加的内容就没了
            mapper接口：也会还原 自动义功能没了
            映射文件：会追加 映射文件内的标签会再添加一遍 会报错
            如何防止：用完就注
        -->
        <table tableName="k_user" enableCountByExample="false" enableUpdateByExample="false" enableDeleteByExample="false"
               enableSelectByExample="false" selectByExampleQueryId="false">
            <!--<columnOverride column="ID" javaType="java.lang.Integer"></columnOverride>
            <columnOverride column="dept" javaType="java.lang.Integer"></columnOverride>-->
        </table>

    </context>
</generatorConfiguration>